{"atlas":{"type":"mtsdf","distanceRange":12,"distanceRangeMiddle":0,"size":33.96875,"width":72,"height":72,"yOrigin":"bottom"},"metrics":{"emSize":1,"lineHeight":1,"ascender":0.80000000000000004,"descender":-0.20000000000000001,"underlineY":0,"underlineThickness":0},"glyphs":[{"unicode":32,"advance":0.29999999999999999},{"unicode":87,"advance":1,"planeBounds":{"left":-0.18349586016559344,"bottom":-0.073597056117755286,"right":1.0234958601655932,"top":0.95676172953081873},"atlasBounds":{"left":0.5,"bottom":36.5,"right":41.5,"top":71.5}},{"unicode":119,"advance":1,"planeBounds":{"left":-0.18349586016559344,"bottom":-0.073597056117755286,"right":1.0234958601655932,"top":0.95676172953081873},"atlasBounds":{"left":0.5,"bottom":0.5,"right":41.5,"top":35.5}}],"kerning":[]}
