{
  "meanX": [
    0.016894945082184493,
    2797.703890312788,
    0.49271404389265167,
    3328.3383883400893,
    0.13529445668119938,
    2543.069409788896
  ],
  "scaleX": [
    1.3184828722905697,
    3085.9697848536593,
    1.8711754064723183,
    3344.7676302033906,
    7.1510617050082175,
    3132.330606008922
  ],
  "meanY": [
    -0.006947637292464878,
    2335.389042145594
  ],
  "scaleY": [
    2.6108776788605432,
    3075.550800385782
  ]
}