{
  "meanX": [
    -0.01545903485974932,
    -0.8156334168201022,
    0.019202075812043848,
    2.1644283542707816,
    0.1873805276810012,
    -0.15389709692975206
  ],
  "scaleX": [
    1.4593200788797533,
    0.6144544801531371,
    1.4224645195655978,
    0.7158261584076144,
    6.088082148385002,
    3.224390692687389
  ],
  "meanY": [
    0.0,
    0.15924325934753464
  ],
  "scaleY": [
    1.0,
    0.36590277902731
  ]
}